{
  "project_info": {
    "project_number": "967950011111",
    "project_id": "talkapp-bfe5e",
    "storage_bucket": "talkapp-bfe5e.firebasestorage.app"
  },
  "client": [
    {
      "client_info": {
        "mobilesdk_app_id": "1:967950011111:android:2036cf04b0147aa2503042",
        "android_client_info": {
          "package_name": "com.halukakbash.talk_app"
        }
      },
      "oauth_client": [],
      "api_key": [
        {
          "current_key": "AIzaSyBdeLhaz_ibNWGUY85xyR7ssy2iWeyG-Ks"
        }
      ],
      "services": {
        "appinvite_service": {
          "other_platform_oauth_client": []
        }
      }
    }
  ],
  "configuration_version": "1"
}